﻿"Address","Occurrences","Indexability","Indexability Status","Canonical Link Element 1","HTTP Canonical","Meta Robots 1","X-Robots-Tag 1","rel=""next"" 1","rel=""prev"" 1","HTTP rel=""next"" 1","HTTP rel=""prev"" 1"
"https://difiorebuilders.com/","0","Indexable","","","","","","","","",""
"https://difiorebuilders.com/before-and-after","0","Indexable","","","","","","","","",""
"https://difiorebuilders.com/services","0","Indexable","","","","","","","","",""
"https://difiorebuilders.com/our-projects","0","Indexable","","","","","","","","",""
"https://difiorebuilders.com/our-story","0","Indexable","","","","","","","","",""
