﻿"Address","Word Count","Sentence Count","Average Words Per Sentence","Flesch Reading Ease Score","Readability","Closest Near Duplicate Match","No. Near Duplicates","Closest Semantically Similar Address","Semantic Similarity Score","No. Semantically Similar","Semantic Relevance Score","Total Language Errors","Spelling Errors","Grammar Errors","Language","Hash","Indexability","Indexability Status"
"https://difiorebuilders.com/","135","39","3.462","91.148","Very Easy","","","","","","","","","","en-US","44b453dbfa704b12553df0375686a550","Indexable",""
"https://difiorebuilders.com/before-and-after","105","31","3.387","82.540","Easy","","","","","","","","","","en-US","769025f9c9dcdd1222738321b1f64cb9","Indexable",""
"https://difiorebuilders.com/services","257","64","4.016","83.595","Easy","","","","","","","","","","en-US","ee478f269065c2020ce2fd3544f675d1","Indexable",""
"https://difiorebuilders.com/our-projects","93","28","3.321","90.664","Very Easy","","","","","","","","","","en-US","4825b1d20ffa32ae1bc2014172e6ba4b","Indexable",""
"https://difiorebuilders.com/our-story","350","67","5.224","68.348","Normal","","","","","","","","","","en-US","d9aa13808d852f9421fea7f4139e8739","Indexable",""
