﻿"Address","Occurrences","H1-1","H1-1 Length","Indexability","Indexability Status"
"https://difiorebuilders.com/","1","Welcome To DiFiore Builders Inc.","32","Indexable",""
"https://difiorebuilders.com/before-and-after","1","APARTMENT RENOVATION","20","Indexable",""
"https://difiorebuilders.com/services","1","Our Commitment","14","Indexable",""
"https://difiorebuilders.com/our-projects","1","Subscribe","9","Indexable",""
"https://difiorebuilders.com/our-story","1","Trusted and verified","20","Indexable",""
