﻿"Address","Occurrences","H2-1","H2-1 Length","H2-2","H2-2 Length","Indexability","Indexability Status"
"https://difiorebuilders.com/","2","Trusted And Verified","20","Reviews","7","Indexable",""
"https://difiorebuilders.com/before-and-after","2","KITCHEN RENOVATION","18","FINISHED BASEMENT RENOVATION","28","Indexable",""
"https://difiorebuilders.com/services","2","Trusted & Verified","18","Subscribe","9","Indexable",""
"https://difiorebuilders.com/our-projects","2","Trusted & Verified","18","Connect With Us","15","Indexable",""
"https://difiorebuilders.com/our-story","2","Testimonials that inspire","25","Reviews","7","Indexable",""
