﻿"Address","Content Type","Status Code","Status","Indexability","Indexability Status","Title 1","Title 1 Length","Title 1 Pixel Width","Meta Description 1","Meta Description 1 Length","Meta Description 1 Pixel Width","Meta Keywords 1","Meta Keywords 1 Length","H1-1","H1-1 Length","H2-1","H2-1 Length","H2-2","H2-2 Length","Meta Robots 1","X-Robots-Tag 1","Meta Refresh 1","Canonical Link Element 1","rel=""next"" 1","rel=""prev"" 1","HTTP rel=""next"" 1","HTTP rel=""prev"" 1","amphtml Link Element","Size (bytes)","Transferred (bytes)","Total Transferred (bytes)","CO2 (mg)","Carbon Rating","Word Count","Sentence Count","Average Words Per Sentence","Flesch Reading Ease Score","Readability","Text Ratio","Crawl Depth","Folder Depth","Link Score","Inlinks","Unique Inlinks","Unique JS Inlinks","% of Total","Outlinks","Unique Outlinks","Unique JS Outlinks","External Outlinks","Unique External Outlinks","Unique External JS Outlinks","Closest Near Duplicate Match","No. Near Duplicates","Spelling Errors","Grammar Errors","Hash","Response Time","Last Modified","Redirect URL","Redirect Type","Cookies","Language","HTTP Version","Mobile Alternate Link","Closest Semantically Similar Address","Semantic Similarity Score","No. Semantically Similar","Semantic Relevance Score","URL Encoded Address","Crawl Timestamp"
"https://difiorebuilders.com/","text/html;charset=utf-8","200","OK","Indexable","","DiFiore Builders Inc.","21","176","Quality work from the foundation to the roof -- get in touch for an estimate on your next home-improvement project!","115","712","","0","Welcome To DiFiore Builders Inc.","32","Trusted And Verified","20","Reviews","7","","","","","","","","","","119020","20160","20160","7.856","","135","39","3.462","91.148","Very Easy","0.778","0","0","","28","5","0","100.000","20","5","0","6","6","0","","","","","44b453dbfa704b12553df0375686a550","0.163","","","","","en-US","1.1","","","","","","https://difiorebuilders.com/","2025-10-13 10:36:47"
"https://difiorebuilders.com/before-and-after","text/html;charset=utf-8","200","OK","Indexable","","Before and After","16","147","","0","0","","0","APARTMENT RENOVATION","20","KITCHEN RENOVATION","18","FINISHED BASEMENT RENOVATION","28","","","","","","","","","","119934","19624","19624","7.647","","105","31","3.387","82.540","Easy","0.665","1","0","","17","5","0","100.000","19","5","0","10","6","0","","","","","769025f9c9dcdd1222738321b1f64cb9","0.139","","","","","en-US","1.1","","","","","","https://difiorebuilders.com/before-and-after","2025-10-13 10:36:48"
"https://difiorebuilders.com/services","text/html;charset=utf-8","200","OK","Indexable","","Services","8","76","At DiFiore Builders Inc., we offer a wide range of home improvement services at honest and fair prices for both, residential as well as commercial projects. From roofing and siding to additions to full house renovations, there is not a job we can't handle. We always strive to build lasting client relationships and provide top quality work from start to finish every time. Contact us to get a quote!","400","2387","","0","Our Commitment","14","Trusted & Verified","18","Subscribe","9","","","","","","","","","","148738","22244","22244","8.668","","257","64","4.016","83.595","Easy","1.130","1","0","","18","5","0","100.000","20","5","0","10","6","0","","","","","ee478f269065c2020ce2fd3544f675d1","0.182","","","","","en-US","1.1","","","","","","https://difiorebuilders.com/services","2025-10-13 10:36:48"
"https://difiorebuilders.com/our-projects","text/html;charset=utf-8","200","OK","Indexable","","Our Projects","12","111","","0","0","","0","Subscribe","9","Trusted & Verified","18","Connect With Us","15","","","","","","","","","","109492","19081","19081","7.436","","93","28","3.321","90.664","Very Easy","0.634","1","0","","17","5","0","100.000","19","5","0","10","6","0","","","","","4825b1d20ffa32ae1bc2014172e6ba4b","0.147","","","","","en-US","1.1","","","","","","https://difiorebuilders.com/our-projects","2025-10-13 10:36:48"
"https://difiorebuilders.com/our-story","text/html;charset=utf-8","200","OK","Indexable","","Our Story","9","83","A full-service general construction company established in 2003, DiFiore Builders Inc. provides quality work from the foundation to the roof of your home. With years of experience to rely on, we specialize in all aspects of building and remodeling -- kitchens, bathrooms, new additions, basements, decks, roofing and siding, and more. Plus, being a small, local team, you can expect nothing less than personalized care and attention to detail. Just know that we’re always happy to help when you need it and uphold our longstanding reputation as your one-call solution here in Tri-State Area. Get in touch anytime for a quote!","625","3800","","0","Trusted and verified","20","Testimonials that inspire","25","Reviews","7","","","","","","","","","","123695","22038","22038","8.588","","350","67","5.224","68.348","Normal","2.050","1","0","","17","5","0","100.000","19","5","0","10","6","0","","","","","d9aa13808d852f9421fea7f4139e8739","0.168","","","","","en-US","1.1","","","","","","https://difiorebuilders.com/our-story","2025-10-13 10:36:48"
