﻿"Address","Occurrences","Meta Description 1","Meta Description 1 Length","Meta Description 1 Pixel Width","Indexability","Indexability Status"
"https://difiorebuilders.com/","1","Quality work from the foundation to the roof -- get in touch for an estimate on your next home-improvement project!","115","712","Indexable",""
"https://difiorebuilders.com/before-and-after","0","","0","0","Indexable",""
"https://difiorebuilders.com/services","1","At DiFiore Builders Inc., we offer a wide range of home improvement services at honest and fair prices for both, residential as well as commercial projects. From roofing and siding to additions to full house renovations, there is not a job we can't handle. We always strive to build lasting client relationships and provide top quality work from start to finish every time. Contact us to get a quote!","400","2387","Indexable",""
"https://difiorebuilders.com/our-projects","0","","0","0","Indexable",""
"https://difiorebuilders.com/our-story","1","A full-service general construction company established in 2003, DiFiore Builders Inc. provides quality work from the foundation to the roof of your home. With years of experience to rely on, we specialize in all aspects of building and remodeling -- kitchens, bathrooms, new additions, basements, decks, roofing and siding, and more. Plus, being a small, local team, you can expect nothing less than personalized care and attention to detail. Just know that we’re always happy to help when you need it and uphold our longstanding reputation as your one-call solution here in Tri-State Area. Get in touch anytime for a quote!","625","3800","Indexable",""
