﻿"Address","Occurrences","Title 1","Title 1 Length","Title 1 Pixel Width","Indexability","Indexability Status"
"https://difiorebuilders.com/","1","DiFiore Builders Inc.","21","176","Indexable",""
"https://difiorebuilders.com/before-and-after","1","Before and After","16","147","Indexable",""
"https://difiorebuilders.com/services","1","Services","8","76","Indexable",""
"https://difiorebuilders.com/our-projects","1","Our Projects","12","111","Indexable",""
"https://difiorebuilders.com/our-story","1","Our Story","9","83","Indexable",""
