﻿"Address","Content Type","Status Code","Status","HTTP Version","Indexability","Indexability Status","Canonical Link Element 1","Meta Robots 1","X-Robots-Tag 1"
"https://difiorebuilders.com/","text/html;charset=utf-8","200","OK","1.1","Indexable","","","",""
"https://difiorebuilders.com/before-and-after","text/html;charset=utf-8","200","OK","1.1","Indexable","","","",""
"https://difiorebuilders.com/services","text/html;charset=utf-8","200","OK","1.1","Indexable","","","",""
"https://difiorebuilders.com/our-projects","text/html;charset=utf-8","200","OK","1.1","Indexable","","","",""
"https://difiorebuilders.com/our-story","text/html;charset=utf-8","200","OK","1.1","Indexable","","","",""
